time,ax,ay,az,yaw,pitch,roll,yaw1,pitch1,roll1,gesture,gesture1,gesture2
1,35.30 ,35.30 ,35.30 ,34.62 ,59.06 ,34.66 ,170.44 ,48.06 ,26.87,0,0,0

2,42.79 ,42.79 ,42.79 ,35.67 ,59.03 ,35.74 ,170.44 ,48.06 ,26.87,0,0,0

3,46.50 ,46.50 ,46.50 ,37.05 ,59.22 ,37.22 ,173.62 ,48.75 ,32.25,0,0,0

4,55.14 ,55.14 ,55.14 ,39.51 ,59.04 ,39.63 ,173.62 ,48.75 ,32.25,0,0,0

5,59.13 ,59.13 ,59.13 ,42.20 ,59.06 ,42.45 ,177.44 ,50.00 ,40.94,0,0,0

6,63.10 ,63.10 ,63.10 ,45.28 ,59.28 ,45.43 ,177.44 ,50.00 ,40.94,0,0,0

7,67.76 ,67.76 ,67.76 ,48.59 ,59.39 ,48.93 ,185.19 ,52.19 ,47.00,0,0,0

8,74.12 ,74.12 ,74.12 ,52.68 ,59.43 ,52.75 ,185.19 ,52.19 ,47.00,0,0,0

9,83.23 ,83.23 ,83.23 ,57.31 ,60.12 ,57.68 ,203.81 ,59.88 ,52.00,0,0,0

10,116.50 ,116.50 ,116.50 ,66.08 ,61.49 ,66.13 ,203.81 ,59.88 ,52.00,0,0,0

11,131.44 ,131.44 ,131.44 ,75.61 ,62.93 ,76.30 ,230.00 ,73.81 ,77.44,0,0,0

12,160.74 ,160.74 ,160.74 ,88.44 ,64.28 ,88.78 ,230.00 ,73.81 ,77.44,0,0,0

13,144.96 ,144.96 ,144.96 ,97.65 ,65.73 ,98.62 ,275.12 ,77.12 ,174.12,0,0,0

14,-176.32 ,-176.32 ,-176.32 ,66.15 ,67.11 ,66.78 ,275.12 ,77.12 ,174.12,0,0,0

15,-124.60 ,-124.60 ,-124.60 ,43.07 ,68.21 ,43.70 ,290.25 ,82.25 ,-150.06,0,0,0

16,-120.60 ,-120.60 ,-120.60 ,21.86 ,69.82 ,22.70 ,290.25 ,82.25 ,-150.06,0,0,0

17,-111.94 ,-111.94 ,-111.94 ,3.83 ,70.39 ,3.80 ,319.12 ,68.00 ,-84.37,0,0,0

18,-99.03 ,-99.03 ,-99.03 ,-11.94 ,68.76 ,-11.34 ,319.12 ,68.00 ,-84.37,0,0,0

19,-92.77 ,-92.77 ,-92.77 ,-24.72 ,66.00 ,-25.34 ,338.50 ,43.69 ,-76.31,0,0,0

20,-97.34 ,-97.34 ,-97.34 ,-37.68 ,62.66 ,-37.63 ,338.50 ,43.69 ,-76.31,0,0,0

21,-99.14 ,-99.14 ,-99.14 ,-48.86 ,58.94 ,-49.85 ,358.31 ,25.56 ,-81.87,0,0,0

22,-90.28 ,-90.28 ,-90.28 ,-58.79 ,53.87 ,-58.93 ,358.31 ,25.56 ,-81.87,0,0,0

23,-91.02 ,-91.02 ,-91.02 ,-67.12 ,49.59 ,-68.00 ,351.87 ,23.50 ,-83.31,0,0,0

24,-121.07 ,-121.07 ,-121.07 ,-79.33 ,46.88 ,-79.15 ,351.87 ,23.50 ,-83.31,0,0,0

25,-133.51 ,-133.51 ,-133.51 ,-90.85 ,46.83 ,-91.61 ,301.50 ,52.50 ,-101.56,0,0,0

26,-164.40 ,-164.40 ,-164.40 ,-107.04 ,47.71 ,-105.64 ,301.50 ,52.50 ,-101.56,0,0,0

27,167.58 ,167.58 ,167.58 ,-78.15 ,49.55 ,-78.21 ,247.19 ,86.31 ,-177.06,0,0,0

28,117.44 ,117.44 ,117.44 ,-58.02 ,50.89 ,-57.47 ,247.19 ,86.31 ,-177.06,0,0,0

29,87.09 ,87.09 ,87.09 ,-42.27 ,51.19 ,-42.29 ,195.75 ,56.25 ,48.81,0,0,0

30,56.12 ,56.12 ,56.12 ,-31.63 ,50.92 ,-31.51 ,195.75 ,56.25 ,48.81,0,0,0

31,38.08 ,38.08 ,38.08 ,-23.83 ,50.43 ,-23.91 ,176.56 ,41.44 ,30.75,0,0,0

32,36.11 ,36.11 ,36.11 ,-16.86 ,50.26 ,-16.90 ,176.56 ,41.44 ,30.75,0,0,0

33,34.21 ,34.21 ,34.21 ,-10.58 ,50.41 ,-10.62 ,169.62 ,40.94 ,23.62,0,0,0

34,22.27 ,22.27 ,22.27 ,-6.12 ,50.06 ,-6.36 ,169.62 ,40.94 ,23.62,0,0,0

35,9.85 ,9.85 ,9.85 ,-3.65 ,50.00 ,-3.89 ,181.56 ,41.00 ,8.81,0,0,0

36,-1.40 ,-1.40 ,-1.40 ,-2.54 ,49.48 ,-3.07 ,181.56 ,41.00 ,8.81,0,0,0

37,-11.15 ,-11.15 ,-11.15 ,-2.99 ,48.81 ,-3.43 ,204.87 ,39.75 ,-7.12,0,0,0

38,-29.82 ,-29.82 ,-29.82 ,-5.73 ,46.72 ,-6.39 ,204.87 ,39.75 ,-7.12,0,0,0

39,-53.35 ,-53.35 ,-53.35 ,-11.41 ,44.49 ,-12.14 ,222.56 ,32.25 ,-28.12,0,0,0

40,-52.51 ,-52.51 ,-52.51 ,-16.62 ,41.63 ,-17.25 ,222.56 ,32.25 ,-28.12,0,0,0

41,-35.46 ,-35.46 ,-35.46 ,-19.30 ,37.13 ,-19.93 ,230.06 ,33.31 ,-39.44,0,0,0

42,-89.92 ,-89.92 ,-89.92 ,-28.84 ,37.74 ,-29.20 ,230.06 ,33.31 ,-39.44,0,0,0

43,-126.72 ,-126.72 ,-126.72 ,-41.95 ,39.87 ,-42.50 ,218.56 ,61.00 ,-64.50,0,0,0

44,-128.98 ,-128.98 ,-128.98 ,-54.61 ,42.97 ,-54.65 ,218.56 ,61.00 ,-64.50,0,0,0

45,-112.04 ,-112.04 ,-112.04 ,-63.73 ,44.80 ,-64.05 ,205.81 ,76.81 ,-80.06,0,0,0

46,-134.73 ,-134.73 ,-134.73 ,-75.59 ,47.14 ,-75.00 ,205.81 ,76.81 ,-80.06,0,0,0

47,96.38 ,96.38 ,96.38 ,-57.00 ,50.62 ,-56.68 ,184.44 ,79.69 ,42.75,0,0,0

48,101.27 ,101.27 ,101.27 ,-38.83 ,53.63 ,-38.59 ,184.44 ,79.69 ,42.75,0,0,0

49,58.76 ,58.76 ,58.76 ,-27.10 ,55.87 ,-26.89 ,170.94 ,62.69 ,32.81,0,0,0

50,23.09 ,23.09 ,23.09 ,-20.79 ,57.32 ,-20.64 ,170.94 ,62.69 ,32.81,0,0,0

51,20.73 ,20.73 ,20.73 ,-15.35 ,54.65 ,-15.06 ,168.12 ,38.31 ,15.31,0,0,0

52,23.41 ,23.41 ,23.41 ,-9.83 ,48.60 ,-9.74 ,168.12 ,38.31 ,15.31,0,0,0

53,13.64 ,13.64 ,13.64 ,-6.27 ,44.12 ,-6.05 ,165.06 ,15.94 ,6.94,0,0,0

54,-3.35 ,-3.35 ,-3.35 ,-4.94 ,41.07 ,-4.90 ,165.06 ,15.94 ,6.94,0,0,0

55,-4.21 ,-4.21 ,-4.21 ,-4.00 ,38.22 ,-3.81 ,150.31 ,13.94 ,-5.69,0,0,0

56,-17.26 ,-17.26 ,-17.26 ,-4.62 ,35.09 ,-4.57 ,150.31 ,13.94 ,-5.69,0,0,0

57,2.48 ,2.48 ,2.48 ,-3.03 ,33.03 ,-2.81 ,142.87 ,17.25 ,-11.06,0,0,0

58,-30.92 ,-30.92 ,-30.92 ,-5.56 ,33.09 ,-5.37 ,142.87 ,17.25 ,-11.06,0,0,0

59,-28.27 ,-28.27 ,-28.27 ,-7.75 ,32.62 ,-7.38 ,129.44 ,28.50 ,-11.63,0,0,0

60,-17.70 ,-17.70 ,-17.70 ,-8.36 ,32.33 ,-8.13 ,129.44 ,28.50 ,-11.63,0,0,0

61,-9.32 ,-9.32 ,-9.32 ,-8.04 ,30.55 ,-7.53 ,124.37 ,27.06 ,-10.56,0,0,0

62,-18.61 ,-18.61 ,-18.61 ,-8.84 ,30.61 ,-8.49 ,124.37 ,27.06 ,-10.56,0,0,0

63,-10.55 ,-10.55 ,-10.55 ,-8.67 ,30.89 ,-8.24 ,121.06 ,26.50 ,-10.88,0,0,0

64,-11.08 ,-11.08 ,-11.08 ,-8.53 ,30.56 ,-8.25 ,121.06 ,26.50 ,-10.88,0,0,0

65,-19.85 ,-19.85 ,-19.85 ,-9.60 ,32.51 ,-9.33 ,118.06 ,31.37 ,-12.13,0,0,0

66,50.81 ,50.81 ,50.81 ,-1.75 ,38.11 ,-1.66 ,118.06 ,31.37 ,-12.13,0,0,0

67,-58.58 ,-58.58 ,-58.58 ,-8.22 ,40.26 ,-8.12 ,106.87 ,49.75 ,-20.00,0,0,0

68,-33.10 ,-33.10 ,-33.10 ,-10.94 ,42.58 ,-11.02 ,106.87 ,49.75 ,-20.00,0,0,0

69,-54.93 ,-54.93 ,-54.93 ,-16.22 ,44.30 ,-16.44 ,91.00 ,54.19 ,-31.62,0,0,0

70,-51.09 ,-51.09 ,-51.09 ,-20.88 ,46.34 ,-20.89 ,86.94 ,58.81 ,-43.63,0,0,0

71,-108.09 ,-108.09 ,-108.09 ,-32.79 ,49.35 ,-32.61 ,86.94 ,58.81 ,-43.63,0,0,0

72,-136.76 ,-136.76 ,-136.76 ,-47.07 ,52.02 ,-47.46 ,76.56 ,75.50 ,-103.00,0,0,0

73,-156.89 ,-156.89 ,-156.89 ,-63.17 ,53.71 ,-63.02 ,76.56 ,75.50 ,-103.00,0,0,0

74,-171.50 ,-171.50 ,-171.50 ,-79.10 ,53.74 ,-79.65 ,55.19 ,60.13 ,179.87,0,0,0

75,177.98 ,177.98 ,177.98 ,-49.54 ,52.48 ,-49.63 ,55.19 ,60.13 ,179.87,0,0,0

76,172.93 ,172.93 ,172.93 ,-22.77 ,50.37 ,-22.62 ,60.63 ,43.13 ,172.06,0,0,0

77,170.55 ,170.55 ,170.55 ,1.90 ,47.56 ,1.88 ,60.63 ,43.13 ,172.06,0,0,0

78,167.19 ,167.19 ,167.19 ,23.85 ,44.52 ,24.40 ,66.94 ,25.81 ,162.37,0,0,0

79,168.53 ,168.53 ,168.53 ,44.90 ,41.47 ,44.68 ,66.94 ,25.81 ,162.37,0,0,0

80,161.19 ,161.19 ,161.19 ,62.48 ,38.00 ,63.17 ,70.62 ,14.44 ,154.87,0,0,0

81,151.55 ,151.55 ,151.55 ,79.33 ,33.48 ,77.90 ,75.56 ,6.81 ,146.56,0,0,0

82,144.97 ,144.97 ,144.97 ,93.36 ,28.11 ,92.59 ,75.56 ,6.81 ,146.56,0,0,0

83,142.62 ,142.62 ,142.62 ,104.18 ,22.98 ,105.09 ,239.62 ,-11.13 ,130.44,0,0,0

84,132.22 ,132.22 ,132.22 ,113.78 ,16.27 ,113.34 ,239.62 ,-11.13 ,130.44,0,0,0

85,128.02 ,128.02 ,128.02 ,120.57 ,10.25 ,121.43 ,223.62 ,-24.94 ,119.87,0,0,0

86,127.09 ,127.09 ,127.09 ,127.47 ,3.78 ,127.21 ,223.62 ,-24.94 ,119.87,0,0,0

87,125.30 ,125.30 ,125.30 ,132.14 ,-2.06 ,133.06 ,215.06 ,-35.31 ,116.12,0,0,0

88,120.10 ,120.10 ,120.10 ,136.49 ,-9.32 ,136.45 ,215.06 ,-35.31 ,116.12,0,0,0

89,133.05 ,133.05 ,133.05 ,140.85 ,-15.78 ,141.85 ,203.19 ,-48.94 ,113.87,0,0,0

90,139.88 ,139.88 ,139.88 ,146.53 ,-21.24 ,146.44 ,203.19 ,-48.94 ,113.87,0,0,0

91,140.53 ,140.53 ,140.53 ,151.36 ,-24.98 ,151.55 ,206.19 ,-45.31 ,125.00,0,0,0

92,144.99 ,144.99 ,144.99 ,156.81 ,-27.86 ,156.10 ,206.19 ,-45.31 ,125.00,0,0,0

93,148.06 ,148.06 ,148.06 ,160.47 ,-28.69 ,161.27 ,118.19 ,-20.12 ,140.44,0,0,0

94,145.60 ,145.60 ,145.60 ,164.52 ,-28.52 ,163.94 ,118.19 ,-20.12 ,140.44,0,0,0

95,160.84 ,160.84 ,160.84 ,168.58 ,-27.34 ,169.18 ,112.56 ,1.44 ,145.81,0,0,0

96,148.74 ,148.74 ,148.74 ,171.46 ,-25.24 ,171.06 ,112.56 ,1.44 ,145.81,0,0,0

97,152.94 ,152.94 ,152.94 ,173.45 ,-20.93 ,173.96 ,115.19 ,25.12 ,145.75,0,0,0

98,155.11 ,155.11 ,155.11 ,176.09 ,-15.71 ,175.72 ,115.19 ,25.12 ,145.75,0,0,0

99,151.68 ,151.68 ,151.68 ,177.12 ,-10.16 ,177.35 ,53.50 ,46.06 ,141.56,0,0,0

100,150.32 ,150.32 ,150.32 ,178.39 ,-3.30 ,177.83 ,53.50 ,46.06 ,141.56,0,0,0

101,160.50 ,160.50 ,160.50 ,179.83 ,3.01 ,179.95 ,64.62 ,57.38 ,140.69,0,0,0

102,150.68 ,150.68 ,150.68 ,180.97 ,9.79 ,179.78 ,64.62 ,57.38 ,140.69,0,0,0

103,150.81 ,150.81 ,150.81 ,180.69 ,18.04 ,180.36 ,80.87 ,82.81 ,54.19,0,0,0

104,-75.15 ,-75.15 ,-75.15 ,152.11 ,27.04 ,151.44 ,80.87 ,82.81 ,54.19,0,0,0

105,-47.29 ,-47.29 ,-47.29 ,128.61 ,33.87 ,128.00 ,83.06 ,56.25 ,-11.25,0,0,0

106,-37.94 ,-37.94 ,-37.94 ,107.89 ,37.03 ,107.40 ,83.06 ,56.25 ,-11.25,0,0,0

107,-28.15 ,-28.15 ,-28.15 ,90.08 ,34.68 ,89.29 ,79.75 ,24.06 ,-18.12,0,0,0

108,-27.84 ,-27.84 ,-27.84 ,73.37 ,33.78 ,73.21 ,79.75 ,24.06 ,-18.12,0,0,0

109,-17.47 ,-17.47 ,-17.47 ,59.82 ,33.08 ,59.28 ,68.31 ,17.44 ,-12.75,0,0,0

110,-21.86 ,-21.86 ,-21.86 ,46.29 ,33.94 ,46.55 ,68.31 ,17.44 ,-12.75,0,0,0

111,-18.68 ,-18.68 ,-18.68 ,35.09 ,38.11 ,34.89 ,65.75 ,33.63 ,-2.31,0,0,0

112,60.22 ,60.22 ,60.22 ,33.89 ,43.27 ,34.71 ,65.75 ,33.63 ,-2.31,0,0,0

113,-10.20 ,-10.20 ,-10.20 ,24.57 ,48.65 ,25.07 ,84.81 ,58.88 ,21.50,0,0,0

114,79.70 ,79.70 ,79.70 ,27.35 ,54.00 ,28.10 ,84.81 ,58.88 ,21.50,0,0,0

115,19.89 ,19.89 ,19.89 ,23.31 ,55.49 ,23.15 ,120.56 ,46.81 ,9.81,0,0,0

116,17.31 ,17.31 ,17.31 ,18.82 ,56.28 ,19.35 ,120.56 ,46.81 ,9.81,0,0,0

117,31.02 ,31.02 ,31.02 ,17.22 ,57.12 ,17.20 ,143.62 ,44.13 ,14.69,0,0,0

118,22.25 ,22.25 ,22.25 ,14.20 ,57.99 ,14.94 ,143.62 ,44.13 ,14.69,0,0,0

119,41.77 ,41.77 ,41.77 ,14.60 ,57.86 ,14.93 ,168.19 ,38.88 ,30.00,0,0,0

120,57.06 ,57.06 ,57.06 ,16.41 ,57.48 ,17.49 ,168.19 ,38.88 ,30.00,0,0,0

121,75.01 ,75.01 ,75.01 ,21.09 ,56.82 ,21.72 ,185.06 ,35.13 ,53.69,0,0,0

122,79.60 ,79.60 ,79.60 ,25.65 ,56.64 ,26.76 ,185.06 ,35.13 ,53.69,0,0,0

123,91.09 ,91.09 ,91.09 ,31.90 ,56.26 ,32.55 ,202.06 ,39.94 ,70.50,0,0,0

124,89.51 ,89.51 ,89.51 ,37.24 ,56.39 ,38.03 ,202.06 ,39.94 ,70.50,0,0,0

125,77.42 ,77.42 ,77.42 ,40.99 ,56.37 ,41.21 ,202.00 ,42.19 ,69.12,0,0,0

126,79.29 ,79.29 ,79.29 ,44.77 ,55.92 ,44.67 ,202.00 ,42.19 ,69.12,0,0,0

127,66.28 ,66.28 ,66.28 ,46.85 ,58.26 ,46.24 ,176.75 ,45.94 ,42.63,0,0,0

128,18.20 ,18.20 ,18.20 ,42.64 ,61.00 ,41.88 ,176.75 ,45.94 ,42.63,0,0,0

129,-11.24 ,-11.24 ,-11.24 ,35.23 ,62.04 ,33.99 ,158.06 ,58.00 ,5.31,0,0,0

130,-58.47 ,-58.47 ,-58.47 ,22.26 ,64.40 ,21.18 ,158.06 ,58.00 ,5.31,0,0,0

131,-115.09 ,-115.09 ,-115.09 ,3.73 ,66.49 ,1.97 ,143.87 ,75.94 ,-55.56,0,0,0

132,-141.56 ,-141.56 ,-141.56 ,-17.43 ,65.86 ,-18.26 ,143.87 ,75.94 ,-55.56,0,0,0

133,-158.69 ,-158.69 ,-158.69 ,-38.17 ,63.93 ,-40.07 ,155.31 ,54.63 ,-144.25,0,0,0

134,-152.09 ,-152.09 ,-152.09 ,-57.76 ,61.12 ,-58.04 ,155.31 ,54.63 ,-144.25,0,0,0

135,-152.25 ,-152.25 ,-152.25 ,-74.20 ,57.52 ,-75.95 ,110.50 ,29.69 ,-153.81,0,0,0

136,-165.30 ,-165.30 ,-165.30 ,-92.84 ,52.72 ,-92.20 ,110.50 ,29.69 ,-153.81,0,0,0

137,-145.32 ,-145.32 ,-145.32 ,-105.26 ,46.01 ,-106.74 ,108.19 ,7.62 ,-146.37,0,0,0

138,-146.95 ,-146.95 ,-146.95 ,-117.52 ,38.62 ,-117.86 ,108.19 ,7.62 ,-146.37,0,0,0

139,-147.47 ,-147.47 ,-147.47 ,-127.51 ,31.43 ,-128.77 ,105.75 ,-15.31 ,-141.69,0,0,0

140,-136.14 ,-136.14 ,-136.14 ,-136.27 ,22.98 ,-135.99 ,105.75 ,-15.31 ,-141.69,0,0,0

141,-142.83 ,-142.83 ,-142.83 ,-143.46 ,15.77 ,-144.45 ,355.94 ,-28.87 ,-129.25,0,0,0

142,-138.42 ,-138.42 ,-138.42 ,-151.07 ,8.83 ,-150.05 ,355.94 ,-28.87 ,-129.25,0,0,0

143,-138.66 ,-138.66 ,-138.66 ,-155.77 ,3.71 ,-156.74 ,345.19 ,-22.94 ,-132.44,0,0,0

144,-143.62 ,-143.62 ,-143.62 ,-162.03 ,0.23 ,-161.20 ,345.19 ,-22.94 ,-132.44,0,0,0

145,-150.06 ,-150.06 ,-150.06 ,-166.58 ,-1.16 ,-167.36 ,108.37 ,3.00 ,-143.19,0,0,0

146,-150.99 ,-150.99 ,-150.99 ,-172.55 ,-1.08 ,-171.19 ,108.37 ,3.00 ,-143.19,0,0,0

147,-152.62 ,-152.62 ,-152.62 ,-175.92 ,1.26 ,-176.34 ,175.19 ,42.06 ,-149.75,0,0,0

148,-152.44 ,-152.44 ,-152.44 ,-179.80 ,5.27 ,-178.84 ,175.19 ,42.06 ,-149.75,0,0,0

149,-146.45 ,-146.45 ,-146.45 ,-180.95 ,11.33 ,-181.15 ,151.50 ,75.37 ,-135.37,0,0,0

150,-129.67 ,-129.67 ,-129.67 ,-181.16 ,17.89 ,-179.49 ,151.50 ,75.37 ,-135.37,0,0,0

151,13.67 ,13.67 ,13.67 ,-161.50 ,25.30 ,-160.75 ,157.62 ,69.19 ,6.06,0,0,0

152,28.83 ,28.83 ,28.83 ,-141.83 ,29.90 ,-140.19 ,157.62 ,69.19 ,6.06,0,0,0

153,51.38 ,51.38 ,51.38 ,-120.09 ,32.91 ,-118.60 ,155.62 ,44.75 ,39.63,0,0,0

154,54.69 ,54.69 ,54.69 ,-99.65 ,33.51 ,-97.97 ,155.62 ,44.75 ,39.63,0,0,0

155,57.77 ,57.77 ,57.77 ,-80.31 ,32.88 ,-78.46 ,142.62 ,23.94 ,53.81,0,0,0

156,66.04 ,66.04 ,66.04 ,-60.86 ,31.07 ,-59.68 ,142.62 ,23.94 ,53.81,0,0,0

157,65.40 ,65.40 ,65.40 ,-43.37 ,29.05 ,-41.73 ,125.06 ,9.69 ,55.88,0,0,0

158,67.08 ,67.08 ,67.08 ,-26.19 ,27.31 ,-25.71 ,125.06 ,9.69 ,55.88,0,0,0

159,53.35 ,53.35 ,53.35 ,-13.12 ,25.91 ,-11.94 ,124.87 ,9.13 ,48.75,0,0,0

160,52.15 ,52.15 ,52.15 ,-0.18 ,25.55 ,-0.53 ,124.87 ,9.13 ,48.75,0,0,0

161,39.33 ,39.33 ,39.33 ,8.73 ,25.18 ,9.38 ,139.25 ,17.81 ,33.75,0,0,0

162,31.38 ,31.38 ,31.38 ,16.70 ,25.45 ,16.02 ,139.25 ,17.81 ,33.75,0,0,0

163,19.32 ,19.32 ,19.32 ,21.22 ,25.87 ,21.35 ,150.44 ,23.81 ,16.37,0,0,0

164,3.74 ,3.74 ,3.74 ,24.05 ,26.33 ,23.12 ,150.44 ,23.81 ,16.37,0,0,0

165,-14.83 ,-14.83 ,-14.83 ,23.29 ,27.27 ,22.90 ,162.69 ,27.44 ,-8.25,0,0,0

166,-44.00 ,-44.00 ,-44.00 ,19.48 ,28.23 ,18.04 ,162.69 ,27.44 ,-8.25,0,0,0

167,-58.82 ,-58.82 ,-58.82 ,13.18 ,28.09 ,12.22 ,179.87 ,24.37 ,-37.94,0,0,0

168,-52.73 ,-52.73 ,-52.73 ,8.66 ,26.25 ,6.94 ,179.87 ,24.37 ,-37.94,0,0,0

169,-52.07 ,-52.07 ,-52.07 ,3.50 ,24.72 ,2.66 ,190.19 ,13.75 ,-44.00,0,0,0

170,-53.39 ,-53.39 ,-53.39 ,-1.16 ,23.32 ,-2.32 ,190.19 ,13.75 ,-44.00,0,0,0

171,-59.07 ,-59.07 ,-59.07 ,-6.84 ,22.39 ,-7.46 ,192.19 ,13.75 ,-45.69,0,0,0

172,-54.17 ,-54.17 ,-54.17 ,-11.36 ,21.56 ,-12.00 ,192.19 ,13.75 ,-45.69,0,0,0

173,-48.32 ,-48.32 ,-48.32 ,-15.04 ,21.30 ,-15.31 ,186.75 ,18.75 ,-42.13,0,0,0

174,-54.01 ,-54.01 ,-54.01 ,-19.18 ,21.35 ,-19.39 ,186.75 ,18.75 ,-42.13,0,0,0

175,-46.59 ,-46.59 ,-46.59 ,-22.14 ,21.93 ,-22.23 ,174.31 ,23.94 ,-37.56,0,0,0

176,-58.58 ,-58.58 ,-58.58 ,-26.43 ,22.75 ,-26.40 ,174.31 ,23.94 ,-37.56,0,0,0

177,-50.35 ,-50.35 ,-50.35 ,-29.33 ,24.13 ,-29.24 ,160.31 ,33.06 ,-38.63,0,0,0

178,-56.10 ,-56.10 ,-56.10 ,-32.84 ,26.47 ,-32.65 ,160.31 ,33.06 ,-38.63,0,0,0

179,-69.39 ,-69.39 ,-69.39 ,-37.65 ,29.43 ,-37.54 ,144.44 ,45.81 ,-43.75,0,0,0

180,-66.22 ,-66.22 ,-66.22 ,-41.84 ,32.45 ,-41.55 ,144.44 ,45.81 ,-43.75,0,0,0

181,-51.40 ,-51.40 ,-51.40 ,-43.63 ,35.10 ,-43.50 ,134.62 ,50.69 ,-41.00,0,0,0

182,-45.15 ,-45.15 ,-45.15 ,-44.61 ,37.47 ,-44.31 ,134.62 ,50.69 ,-41.00,0,0,0

183,-53.42 ,-53.42 ,-53.42 ,-46.41 ,40.57 ,-46.22 ,119.94 ,46.50 ,-31.25,0,0,0

184,-41.73 ,-41.73 ,-41.73 ,-46.70 ,43.64 ,-46.34 ,119.94 ,46.50 ,-31.25,0,0,0

185,-41.48 ,-41.48 ,-41.48 ,-46.77 ,46.36 ,-46.53 ,98.81 ,43.38 ,-20.00,0,0,0

186,-27.17 ,-27.17 ,-27.17 ,-45.06 ,47.69 ,-44.74 ,98.81 ,43.38 ,-20.00,0,0,0

187,-20.28 ,-20.28 ,-20.28 ,-42.56 ,47.60 ,-42.19 ,81.19 ,28.56 ,-15.31,0,0,0

188,-17.05 ,-17.05 ,-17.05 ,-39.81 ,47.46 ,-39.35 ,81.19 ,28.56 ,-15.31,0,0,0

189,-8.41 ,-8.41 ,-8.41 ,-36.10 ,47.33 ,-35.62 ,67.75 ,24.81 ,-5.31,0,0,0

190,-1.99 ,-1.99 ,-1.99 ,-31.69 ,47.62 ,-31.34 ,67.75 ,24.81 ,-5.31,0,0,0

191,2.87 ,2.87 ,2.87 ,-27.11 ,47.05 ,-26.64 ,61.94 ,23.37 ,-0.19,0,0,0

192,0.86 ,0.86 ,0.86 ,-23.04 ,45.98 ,-22.72 ,61.94 ,23.37 ,-0.19,0,0,0

193,1.76 ,1.76 ,1.76 ,-19.35 ,44.63 ,-18.86 ,57.38 ,19.12 ,2.19,0,0,0

194,7.83 ,7.83 ,7.83 ,-15.04 ,42.44 ,-14.76 ,57.38 ,19.12 ,2.19,0,0,0

195,1.42 ,1.42 ,1.42 ,-12.10 ,40.43 ,-11.62 ,54.13 ,15.81 ,3.69,0,0,0

196,4.82 ,4.82 ,4.82 ,-8.70 ,38.81 ,-8.57 ,54.13 ,15.81 ,3.69,0,0,0

197,7.57 ,7.57 ,7.57 ,-5.57 ,36.97 ,-5.14 ,52.19 ,14.44 ,6.19,0,0,0

198,7.47 ,7.47 ,7.47 ,-2.43 ,35.62 ,-2.38 ,52.19 ,14.44 ,6.19,0,0,0

199,5.77 ,5.77 ,5.77 ,-0.12 ,34.41 ,0.18 ,54.50 ,14.25 ,6.94,0,0,0

200,8.38 ,8.38 ,8.38 ,2.66 ,32.63 ,2.48 ,54.50 ,14.25 ,6.94,0,0,0

201,5.62 ,5.62 ,5.62 ,4.51 ,30.83 ,4.60 ,59.38 ,11.13 ,6.62,0,0,0

202,10.77 ,10.77 ,10.77 ,6.95 ,28.95 ,6.87 ,59.38 ,11.13 ,6.62,0,0,0

203,9.36 ,9.36 ,9.36 ,8.60 ,27.24 ,8.86 ,60.00 ,9.06 ,10.13,0,0,0

204,12.93 ,12.93 ,12.93 ,10.80 ,25.56 ,10.71 ,60.00 ,9.06 ,10.13,0,0,0

205,14.98 ,14.98 ,14.98 ,12.73 ,23.89 ,12.90 ,61.94 ,7.06 ,11.75,0,0,0

206,20.26 ,20.26 ,20.26 ,15.36 ,21.90 ,15.20 ,61.94 ,7.06 ,11.75,0,0,0

207,16.45 ,16.45 ,16.45 ,16.96 ,20.21 ,17.03 ,65.25 ,6.25 ,11.94,0,0,0

208,13.02 ,13.02 ,13.02 ,18.28 ,19.02 ,17.93 ,65.25 ,6.25 ,11.94,0,0,0

209,13.99 ,13.99 ,13.99 ,19.18 ,18.58 ,19.13 ,71.06 ,10.50 ,10.31,0,0,0

210,8.74 ,8.74 ,8.74 ,19.69 ,19.46 ,19.19 ,71.06 ,10.50 ,10.31,0,0,0

211,12.39 ,12.39 ,12.39 ,20.13 ,21.19 ,20.01 ,78.25 ,22.25 ,9.88,0,0,0

212,14.71 ,14.71 ,14.71 ,21.05 ,23.15 ,20.60 ,78.25 ,22.25 ,9.88,0,0,0

213,8.05 ,8.05 ,8.05 ,20.79 ,26.63 ,20.54 ,85.31 ,34.94 ,11.06,0,0,0

214,8.55 ,8.55 ,8.55 ,20.60 ,29.91 ,20.29 ,85.31 ,34.94 ,11.06,0,0,0

215,16.25 ,16.25 ,16.25 ,21.07 ,33.26 ,21.01 ,91.31 ,44.13 ,11.06,0,0,0

216,11.69 ,11.69 ,11.69 ,21.13 ,37.43 ,20.83 ,91.31 ,44.13 ,11.06,0,0,0

217,8.17 ,8.17 ,8.17 ,20.45 ,40.94 ,20.38 ,95.62 ,48.88 ,10.56,0,0,0

218,12.04 ,12.04 ,12.04 ,20.48 ,44.69 ,20.22 ,95.62 ,48.88 ,10.56,0,0,0

219,18.80 ,18.80 ,18.80 ,21.09 ,47.87 ,21.08 ,102.31 ,49.06 ,10.63,0,0,0

220,7.30 ,7.30 ,7.30 ,20.38 ,50.46 ,20.16 ,102.31 ,49.06 ,10.63,0,0,0

221,4.46 ,4.46 ,4.46 ,19.11 ,52.38 ,19.10 ,112.87 ,45.31 ,8.56,0,0,0

222,2.55 ,2.55 ,2.55 ,17.80 ,53.12 ,17.66 ,112.87 ,45.31 ,8.56,0,0,0

223,8.08 ,8.08 ,8.08 ,17.10 ,52.47 ,17.09 ,124.44 ,34.75 ,7.87,0,0,0

224,4.74 ,4.74 ,4.74 ,16.07 ,52.27 ,15.97 ,124.44 ,34.75 ,7.87,0,0,0

225,7.78 ,7.78 ,7.78 ,15.37 ,51.41 ,15.36 ,127.69 ,32.13 ,9.06,0,0,0

226,9.28 ,9.28 ,9.28 ,14.95 ,51.40 ,14.90 ,127.69 ,32.13 ,9.06,0,0,0

227,10.53 ,10.53 ,10.53 ,14.64 ,51.42 ,14.64 ,127.81 ,33.31 ,8.94,0,0,0

228,5.98 ,5.98 ,5.98 ,13.83 ,51.44 ,13.78 ,127.81 ,33.31 ,8.94,0,0,0

229,8.93 ,8.93 ,8.93 ,13.39 ,51.30 ,13.38 ,129.19 ,34.38 ,8.69,0,0,0

230,7.85 ,7.85 ,7.85 ,12.87 ,51.83 ,12.84 ,129.19 ,34.38 ,8.69,0,0,0

231,8.42 ,8.42 ,8.42 ,12.44 ,52.36 ,12.48 ,131.81 ,35.88 ,9.38,0,0,0

232,14.12 ,14.12 ,14.12 ,12.76 ,50.90 ,12.79 ,131.81 ,35.88 ,9.38,0,0,0

233,10.16 ,10.16 ,10.16 ,12.50 ,50.19 ,12.52 ,137.56 ,32.31 ,11.50,0,0,0

234,7.98 ,7.98 ,7.98 ,12.02 ,50.16 ,12.02 ,137.56 ,32.31 ,11.50,0,0,0

235,9.04 ,9.04 ,9.04 ,11.69 ,50.26 ,11.68 ,136.56 ,36.31 ,10.06,0,0,0

236,6.25 ,6.25 ,6.25 ,11.02 ,50.93 ,11.01 ,136.56 ,36.31 ,10.06,0,0,0

237,13.71 ,13.71 ,13.71 ,11.34 ,51.30 ,11.34 ,135.56 ,40.75 ,9.00,0,0,0

238,5.63 ,5.63 ,5.63 ,10.60 ,52.95 ,10.61 ,135.56 ,40.75 ,9.00,0,0,0

239,6.77 ,6.77 ,6.77 ,10.12 ,54.19 ,10.08 ,133.00 ,47.81 ,9.38,0,0,0

240,10.00 ,10.00 ,10.00 ,10.04 ,56.51 ,10.00 ,133.00 ,47.81 ,9.38,0,0,0

241,22.01 ,22.01 ,22.01 ,11.49 ,60.02 ,11.42 ,133.62 ,57.50 ,6.00,0,0,0

242,-15.36 ,-15.36 ,-15.36 ,8.12 ,62.68 ,8.06 ,133.62 ,57.50 ,6.00,0,0,0

243,-5.34 ,-5.34 ,-5.34 ,6.31 ,64.76 ,6.19 ,132.87 ,61.50 ,1.50,0,0,0

244,-16.70 ,-16.70 ,-16.70 ,3.10 ,66.47 ,3.09 ,132.87 ,61.50 ,1.50,0,0,0

245,-6.50 ,-6.50 ,-6.50 ,1.55 ,67.97 ,1.47 ,129.06 ,58.75 ,4.06,0,0,0

246,7.53 ,7.53 ,7.53 ,1.81 ,68.77 ,1.81 ,129.06 ,58.75 ,4.06,0,0,0

247,21.62 ,21.62 ,21.62 ,3.81 ,68.75 ,3.82 ,128.50 ,58.75 ,4.06,0,0,0

248,28.35 ,28.35 ,28.35 ,6.45 ,69.69 ,6.52 ,128.50 ,58.75 ,4.06,0,0,0

249,23.01 ,23.01 ,23.01 ,8.35 ,68.31 ,8.35 ,106.69 ,44.06 ,11.63,0,0,0

250,14.06 ,14.06 ,14.06 ,8.99 ,64.30 ,8.98 ,106.69 ,44.06 ,11.63,0,0,0

251,3.81 ,3.81 ,3.81 ,8.30 ,60.42 ,8.27 ,92.69 ,28.25 ,3.37,0,0,0

252,0.68 ,0.68 ,0.68 ,7.30 ,58.82 ,7.28 ,92.69 ,28.25 ,3.37,0,0,0

253,15.52 ,15.52 ,15.52 ,8.27 ,57.19 ,8.21 ,84.75 ,33.69 ,-0.75,0,0,0

254,-20.05 ,-20.05 ,-20.05 ,4.60 ,57.05 ,4.66 ,84.75 ,33.69 ,-0.75,0,0,0

255,-17.56 ,-17.56 ,-17.56 ,1.69 ,57.34 ,1.62 ,74.50 ,35.25 ,-1.31,0,0,0

256,-6.73 ,-6.73 ,-6.73 ,0.30 ,56.39 ,0.27 ,74.50 ,35.25 ,-1.31,0,0,0

257,-18.37 ,-18.37 ,-18.37 ,-2.44 ,56.60 ,-2.44 ,74.37 ,37.19 ,-6.81,0,0,0

258,-4.52 ,-4.52 ,-4.52 ,-3.29 ,57.59 ,-3.12 ,74.37 ,37.19 ,-6.81,0,0,0

259,5.69 ,5.69 ,5.69 ,-2.70 ,58.62 ,-2.56 ,67.87 ,51.50 ,4.81,0,0,0

260,28.11 ,28.11 ,28.11 ,0.53 ,60.18 ,0.89 ,67.87 ,51.50 ,4.81,0,0,0

261,51.50 ,51.50 ,51.50 ,6.55 ,61.16 ,7.16 ,55.13 ,53.00 ,34.50,0,0,0

262,81.25 ,81.25 ,81.25 ,16.05 ,60.85 ,16.65 ,55.13 ,53.00 ,34.50,0,0,0

263,76.64 ,76.64 ,76.64 ,24.08 ,59.38 ,25.02 ,40.50 ,36.88 ,58.06,0,0,0

264,81.97 ,81.97 ,81.97 ,32.38 ,57.45 ,33.09 ,40.50 ,36.88 ,58.06,0,0,0

265,84.23 ,84.23 ,84.23 ,40.01 ,53.43 ,41.02 ,31.12 ,23.94 ,65.75,0,0,0

266,82.60 ,82.60 ,82.60 ,47.11 ,49.19 ,47.70 ,31.12 ,23.94 ,65.75,0,0,0

267,74.50 ,74.50 ,74.50 ,52.25 ,45.33 ,53.10 ,22.44 ,14.25 ,66.19,0,0,0

268,70.51 ,70.51 ,70.51 ,56.92 ,42.24 ,57.08 ,22.44 ,14.25 ,66.19,0,0,0

269,70.48 ,70.48 ,70.48 ,60.65 ,38.53 ,61.09 ,23.25 ,13.88 ,54.75,0,0,0

270,44.69 ,44.69 ,44.69 ,61.26 ,35.43 ,61.02 ,23.25 ,13.88 ,54.75,0,0,0

271,51.44 ,51.44 ,51.44 ,62.01 ,31.89 ,62.22 ,20.50 ,8.75 ,42.63,0,0,0

272,49.65 ,49.65 ,49.65 ,63.14 ,28.31 ,62.47 ,21.37 ,6.19 ,37.13,0,0,0

273,36.17 ,36.17 ,36.17 ,62.18 ,24.03 ,61.51 ,21.37 ,6.19 ,37.13,0,0,0

274,29.15 ,29.15 ,29.15 ,59.71 ,21.75 ,59.28 ,33.06 ,13.06 ,25.37,0,0,0

275,19.70 ,19.70 ,19.70 ,56.34 ,22.30 ,55.52 ,33.06 ,13.06 ,25.37,0,0,0

276,4.84 ,4.84 ,4.84 ,51.07 ,22.36 ,50.27 ,45.00 ,21.19 ,11.75,0,0,0

277,1.96 ,1.96 ,1.96 ,45.92 ,22.72 ,44.95 ,45.00 ,21.19 ,11.75,0,0,0

278,-10.62 ,-10.62 ,-10.62 ,39.42 ,24.06 ,38.49 ,56.63 ,27.75 ,-1.00,0,0,0

279,-11.03 ,-11.03 ,-11.03 ,33.32 ,25.78 ,32.48 ,56.63 ,27.75 ,-1.00,0,0,0

280,-7.66 ,-7.66 ,-7.66 ,28.18 ,27.92 ,27.26 ,61.38 ,34.56 ,-5.25,0,0,0

281,-12.74 ,-12.74 ,-12.74 ,22.63 ,30.15 ,21.97 ,61.38 ,34.56 ,-5.25,0,0,0

282,-16.12 ,-16.12 ,-16.12 ,17.25 ,31.83 ,16.40 ,68.19 ,42.63 ,-14.44,0,0,0

283,-23.74 ,-23.74 ,-23.74 ,10.78 ,33.91 ,10.56 ,67.75 ,48.13 ,-22.06,0,0,0

284,-47.38 ,-47.38 ,-47.38 ,1.80 ,38.32 ,1.55 ,67.75 ,48.13 ,-22.06,0,0,0

285,-61.07 ,-61.07 ,-61.07 ,-7.60 ,41.46 ,-8.45 ,67.19 ,54.69 ,-30.75,0,0,0

286,-50.01 ,-50.01 ,-50.01 ,-15.21 ,43.96 ,-15.52 ,67.19 ,54.69 ,-30.75,0,0,0

287,-63.68 ,-63.68 ,-63.68 ,-23.32 ,45.68 ,-24.26 ,76.12 ,52.25 ,-46.50,0,0,0

288,-67.06 ,-67.06 ,-67.06 ,-31.55 ,47.61 ,-31.96 ,76.12 ,52.25 ,-46.50,0,0,0

289,-69.62 ,-69.62 ,-69.62 ,-38.82 ,48.55 ,-39.70 ,84.62 ,49.44 ,-60.31,0,0,0

290,-82.20 ,-82.20 ,-82.20 ,-47.38 ,48.23 ,-47.68 ,84.62 ,49.44 ,-60.31,0,0,0

291,-74.65 ,-74.65 ,-74.65 ,-53.54 ,47.58 ,-54.45 ,105.19 ,35.44 ,-63.44,0,0,0

292,-63.91 ,-63.91 ,-63.91 ,-58.39 ,44.55 ,-58.61 ,105.19 ,35.44 ,-63.44,0,0,0

293,-65.76 ,-65.76 ,-65.76 ,-62.37 ,39.97 ,-63.24 ,136.31 ,7.37 ,-56.81,0,0,0

294,-70.92 ,-70.92 ,-70.92 ,-67.91 ,34.21 ,-67.34 ,139.87 ,0.06 ,-56.63,0,0,0

295,-71.62 ,-71.62 ,-71.62 ,-72.47 ,29.24 ,-72.30 ,139.87 ,0.06 ,-56.63,0,0,0

296,-66.01 ,-66.01 ,-66.01 ,-74.79 ,24.31 ,-75.58 ,145.81 ,-7.25 ,-58.06,0,0,0

297,-69.87 ,-69.87 ,-69.87 ,-78.05 ,18.94 ,-77.89 ,145.81 ,-7.25 ,-58.06,0,0,0

298,-69.94 ,-69.94 ,-69.94 ,-79.93 ,13.41 ,-80.69 ,156.06 ,-18.25 ,-56.00,0,0,0

299,-65.08 ,-65.08 ,-65.08 ,-81.53 ,5.78 ,-81.68 ,156.06 ,-18.25 ,-56.00,0,0,0

300,-53.51 ,-53.51 ,-53.51 ,-80.84 ,-3.75 ,-81.62 ,178.56 ,-34.19 ,-52.50,0,0,0

301,-73.05 ,-73.05 ,-73.05 ,-83.00 ,-8.17 ,-83.22 ,178.56 ,-34.19 ,-52.50,0,0,0

302,-65.31 ,-65.31 ,-65.31 ,-83.30 ,-14.41 ,-84.01 ,194.12 ,-35.69 ,-54.25,0,0,0

303,-57.79 ,-57.79 ,-57.79 ,-83.20 ,-19.55 ,-83.18 ,194.12 ,-35.69 ,-54.25,0,0,0

304,-71.09 ,-71.09 ,-71.09 ,-83.98 ,-21.76 ,-84.36 ,199.94 ,-31.31 ,-50.06,0,0,0

305,-42.59 ,-42.59 ,-42.59 ,-81.73 ,-26.69 ,-81.33 ,199.94 ,-31.31 ,-50.06,0,0,0

306,-58.73 ,-58.73 ,-58.73 ,-80.86 ,-30.36 ,-81.05 ,206.94 ,-34.13 ,-43.31,0,0,0

307,-44.83 ,-44.83 ,-44.83 ,-78.54 ,-34.31 ,-78.24 ,206.94 ,-34.13 ,-43.31,0,0,0

308,-30.35 ,-30.35 ,-30.35 ,-74.06 ,-37.74 ,-74.02 ,209.19 ,-34.06 ,-37.88,0,0,0

309,-47.57 ,-47.57 ,-47.57 ,-72.26 ,-40.87 ,-71.95 ,209.19 ,-34.06 ,-37.88,0,0,0

310,-43.74 ,-43.74 ,-43.74 ,-69.78 ,-40.96 ,-69.66 ,212.81 ,-25.00 ,-35.88,0,0,0

311,-45.14 ,-45.14 ,-45.14 ,-67.75 ,-40.29 ,-67.52 ,212.81 ,-25.00 ,-35.88,0,0,0

312,-38.92 ,-38.92 ,-38.92 ,-64.91 ,-37.97 ,-64.75 ,225.12 ,-15.88 ,-34.19,0,0,0

313,-40.41 ,-40.41 ,-40.41 ,-62.61 ,-37.25 ,-62.32 ,225.12 ,-15.88 ,-34.19,0,0,0

314,-48.09 ,-48.09 ,-48.09 ,-61.33 ,-35.41 ,-61.07 ,226.00 ,-12.50 ,-35.13,0,0,0

315,-46.77 ,-46.77 ,-46.77 ,-60.03 ,-33.69 ,-59.62 ,226.00 ,-12.50 ,-35.13,0,0,0

316,-44.43 ,-44.43 ,-44.43 ,-58.37 ,-30.55 ,-58.05 ,223.06 ,-6.87 ,-38.75,0,0,0

317,-58.12 ,-58.12 ,-58.12 ,-58.68 ,-28.59 ,-58.28 ,223.06 ,-6.87 ,-38.75,0,0,0

318,-72.30 ,-72.30 ,-72.30 ,-60.77 ,-27.03 ,-60.44 ,209.06 ,-14.81 ,-55.31,0,0,0

319,-87.58 ,-87.58 ,-87.58 ,-64.84 ,-24.59 ,-64.22 ,209.06 ,-14.81 ,-55.31,0,0,0

320,-101.66 ,-101.66 ,-101.66 ,-70.11 ,-21.70 ,-69.56 ,154.81 ,5.69 ,-78.62,0,0,0

321,-91.36 ,-91.36 ,-91.36 ,-73.73 ,-17.31 ,-72.88 ,154.81 ,5.69 ,-78.62,0,0,0

322,-86.39 ,-86.39 ,-86.39 ,-76.33 ,-11.36 ,-75.46 ,109.37 ,29.87 ,-72.87,0,0,0

323,-81.21 ,-81.21 ,-81.21 ,-78.25 ,-3.13 ,-76.98 ,109.37 ,29.87 ,-72.87,0,0,0

324,-64.42 ,-64.42 ,-64.42 ,-77.67 ,5.54 ,-76.34 ,62.00 ,54.38 ,-36.94,0,0,0

325,-12.65 ,-12.65 ,-12.65 ,-70.69 ,13.24 ,-69.19 ,62.00 ,54.38 ,-36.94,0,0,0

326,26.17 ,26.17 ,26.17 ,-59.11 ,18.69 ,-57.59 ,29.06 ,40.25 ,15.31,0,0,0

327,33.36 ,33.36 ,33.36 ,-47.08 ,24.40 ,-45.92 ,29.06 ,40.25 ,15.31,0,0,0

328,36.49 ,36.49 ,36.49 ,-35.80 ,26.78 ,-34.42 ,16.19 ,26.75 ,26.75,0,0,0

329,24.31 ,24.31 ,24.31 ,-26.62 ,29.41 ,-25.81 ,16.19 ,26.75 ,26.75,0,0,0

330,21.39 ,21.39 ,21.39 ,-18.98 ,31.12 ,-17.96 ,17.75 ,21.31 ,19.81,0,0,0

331,22.94 ,22.94 ,22.94 ,-11.43 ,33.37 ,-11.05 ,17.75 ,21.31 ,19.81,0,0,0

332,13.09 ,13.09 ,13.09 ,-6.20 ,34.38 ,-5.55 ,21.56 ,24.56 ,12.25,0,0,0

333,10.04 ,10.04 ,10.04 ,-1.47 ,36.69 ,-1.42 ,21.56 ,24.56 ,12.25,0,0,0

334,8.82 ,8.82 ,8.82 ,2.15 ,38.87 ,2.55 ,26.87 ,27.50 ,7.87,0,0,0

335,8.21 ,8.21 ,8.21 ,5.81 ,41.39 ,5.56 ,26.87 ,27.50 ,7.87,0,0,0

336,10.53 ,10.53 ,10.53 ,8.72 ,43.26 ,9.06 ,27.56 ,27.94 ,6.25,0,0,0

337,25.45 ,25.45 ,25.45 ,14.07 ,45.11 ,13.46 ,20.75 ,26.50 ,11.63,0,0,0

338,19.50 ,19.50 ,19.50 ,17.95 ,45.51 ,17.61 ,20.75 ,26.50 ,11.63,0,0,0

339,18.30 ,18.30 ,18.30 ,20.42 ,45.11 ,20.93 ,6.75 ,21.56 ,17.00,0,0,0

340,20.47 ,20.47 ,20.47 ,23.47 ,44.56 ,23.26 ,6.75 ,21.56 ,17.00,0,0,0

341,16.47 ,16.47 ,16.47 ,25.01 ,42.87 ,25.36 ,1.19 ,17.75 ,15.81,0,0,0

342,15.59 ,15.59 ,15.59 ,26.68 ,41.61 ,26.44 ,1.19 ,17.75 ,15.81,0,0,0

343,13.28 ,13.28 ,13.28 ,27.30 ,40.80 ,27.48 ,359.62 ,16.06 ,13.88,0,0,0

344,20.74 ,20.74 ,20.74 ,29.08 ,39.79 ,28.80 ,359.62 ,16.06 ,13.88,0,0,0

345,19.48 ,19.48 ,19.48 ,30.02 ,38.84 ,30.10 ,358.94 ,14.69 ,13.56,0,0,0

346,11.64 ,11.64 ,11.64 ,30.25 ,38.46 ,29.83 ,358.94 ,14.69 ,13.56,0,0,0

347,22.59 ,22.59 ,22.59 ,31.32 ,35.49 ,31.17 ,2.50 ,12.81 ,11.00,0,0,0

348,14.04 ,14.04 ,14.04 ,31.43 ,34.52 ,30.92 ,2.50 ,12.81 ,11.00,0,0,0

349,12.16 ,12.16 ,12.16 ,31.01 ,33.80 ,30.73 ,360.00 ,13.38 ,12.38,0,0,0

350,15.88 ,15.88 ,15.88 ,31.24 ,32.82 ,30.73 ,360.00 ,13.38 ,12.38,0,0,0

351,17.98 ,17.98 ,17.98 ,31.16 ,31.06 ,31.06 ,0.56 ,11.94 ,12.75,0,0,0

352,22.11 ,22.11 ,22.11 ,31.92 ,30.10 ,31.37 ,0.56 ,11.94 ,12.75,0,0,0

353,13.67 ,13.67 ,13.67 ,31.13 ,28.68 ,30.73 ,14.31 ,14.19 ,10.63,0,0,0

354,8.56 ,8.56 ,8.56 ,29.90 ,27.39 ,29.19 ,14.31 ,14.19 ,10.63,0,0,0

355,4.60 ,4.60 ,4.60 ,27.94 ,26.08 ,27.39 ,28.50 ,13.56 ,4.44,0,0,0

356,2.33 ,2.33 ,2.33 ,25.99 ,24.45 ,25.21 ,28.50 ,13.56 ,4.44,0,0,0

357,-3.94 ,-3.94 ,-3.94 ,23.17 ,22.75 ,22.50 ,38.50 ,13.88 ,0.00,0,0,0

358,-4.31 ,-4.31 ,-4.31 ,20.68 ,21.57 ,19.78 ,38.50 ,13.88 ,0.00,0,0,0

359,-10.75 ,-10.75 ,-10.75 ,17.39 ,21.90 ,16.50 ,54.25 ,17.69 ,-6.62,0,0,0

360,-18.88 ,-18.88 ,-18.88 ,13.35 ,23.44 ,12.35 ,54.25 ,17.69 ,-6.62,0,0,0

361,-36.00 ,-36.00 ,-36.00 ,7.34 ,24.18 ,6.28 ,77.87 ,17.00 ,-20.69,0,0,0

362,-42.09 ,-42.09 ,-42.09 ,0.87 ,22.64 ,-0.11 ,77.87 ,17.00 ,-20.69,0,0,0

363,-33.43 ,-33.43 ,-33.43 ,-3.91 ,21.88 ,-5.04 ,94.94 ,10.81 ,-27.94,0,0,0

364,-35.51 ,-35.51 ,-35.51 ,-8.80 ,21.62 ,-9.59 ,94.94 ,10.81 ,-27.94,0,0,0

365,-39.36 ,-39.36 ,-39.36 ,-13.54 ,22.23 ,-14.42 ,97.69 ,10.44 ,-31.81,0,0,0

366,-44.89 ,-44.89 ,-44.89 ,-18.56 ,20.86 ,-19.30 ,97.69 ,10.44 ,-31.81,0,0,0

367,-42.48 ,-42.48 ,-42.48 ,-22.65 ,17.55 ,-23.68 ,111.12 ,0.50 ,-33.94,0,0,0

368,-42.26 ,-42.26 ,-42.26 ,-26.73 ,13.69 ,-27.33 ,111.12 ,0.50 ,-33.94,0,0,0

369,-40.71 ,-40.71 ,-40.71 ,-29.94 ,9.18 ,-30.84 ,129.50 ,-15.00 ,-32.50,0,0,0

370,-35.04 ,-35.04 ,-35.04 ,-32.62 ,4.91 ,-32.89 ,129.50 ,-15.00 ,-32.50,0,0,0

371,-37.31 ,-37.31 ,-37.31 ,-34.78 ,0.83 ,-35.50 ,134.44 ,-20.06 ,-31.31,0,0,0

372,-46.82 ,-46.82 ,-46.82 ,-38.52 ,-3.73 ,-38.49 ,134.44 ,-20.06 ,-31.31,0,0,0

373,-50.87 ,-50.87 ,-50.87 ,-41.81 ,-7.37 ,-42.26 ,138.75 ,-22.37 ,-34.25,0,0,0

374,-48.88 ,-48.88 ,-48.88 ,-44.85 ,-9.76 ,-44.79 ,138.75 ,-22.37 ,-34.25,0,0,0

375,-48.42 ,-48.42 ,-48.42 ,-47.13 ,-10.31 ,-47.21 ,132.44 ,-17.31 ,-34.00,0,0,0

376,-40.01 ,-40.01 ,-40.01 ,-48.51 ,-12.57 ,-48.01 ,132.44 ,-17.31 ,-34.00,0,0,0

377,-40.31 ,-40.31 ,-40.31 ,-49.23 ,-12.76 ,-49.06 ,122.44 ,-15.19 ,-33.00,0,0,0

378,-46.47 ,-46.47 ,-46.47 ,-51.09 ,-15.37 ,-50.32 ,122.44 ,-15.19 ,-33.00,0,0,0

379,-36.06 ,-36.06 ,-36.06 ,-50.88 ,-16.47 ,-50.53 ,117.31 ,-14.06 ,-34.00,0,0,0

380,-41.65 ,-41.65 ,-41.65 ,-51.74 ,-15.35 ,-50.87 ,117.31 ,-14.06 ,-34.00,0,0,0

381,-46.77 ,-46.77 ,-46.77 ,-52.57 ,-14.55 ,-52.10 ,109.50 ,-2.94 ,-33.50,0,0,0

382,-46.41 ,-46.41 ,-46.41 ,-53.70 ,-15.29 ,-52.75 ,109.50 ,-2.94 ,-33.50,0,0,0

383,-33.76 ,-33.76 ,-33.76 ,-52.65 ,-11.83 ,-52.11 ,109.37 ,2.31 ,-31.44,0,0,0

384,-40.09 ,-40.09 ,-40.09 ,-52.61 ,-7.67 ,-51.84 ,109.37 ,2.31 ,-31.44,0,0,0

385,-38.45 ,-38.45 ,-38.45 ,-51.93 ,-5.74 ,-51.50 ,101.94 ,6.81 ,-34.50,0,0,0

386,-40.23 ,-40.23 ,-40.23 ,-51.84 ,-5.74 ,-51.10 ,101.94 ,6.81 ,-34.50,0,0,0

387,-41.02 ,-41.02 ,-41.02 ,-51.47 ,-4.22 ,-51.04 ,98.69 ,3.50 ,-35.19,0,0,0

388,-44.83 ,-44.83 ,-44.83 ,-51.66 ,-3.15 ,-51.14 ,98.69 ,3.50 ,-35.19,0,0,0

389,-43.00 ,-43.00 ,-43.00 ,-51.41 ,-3.11 ,-51.15 ,100.25 ,-1.81 ,-36.44,0,0,0

390,-46.39 ,-46.39 ,-46.39 ,-51.79 ,-2.69 ,-51.34 ,100.25 ,-1.81 ,-36.44,0,0,0

391,-45.06 ,-45.06 ,-45.06 ,-51.69 ,-2.33 ,-51.44 ,98.19 ,-0.06 ,-37.94,0,0,0

392,-44.76 ,-44.76 ,-44.76 ,-51.69 ,-1.93 ,-51.32 ,98.19 ,-0.06 ,-37.94,0,0,0

393,-41.88 ,-41.88 ,-41.88 ,-51.24 ,-0.72 ,-50.95 ,95.87 ,1.62 ,-39.00,0,0,0

394,-56.52 ,-56.52 ,-56.52 ,-52.73 ,0.95 ,-52.33 ,95.87 ,1.62 ,-39.00,0,0,0

395,-54.48 ,-54.48 ,-54.48 ,-53.59 ,2.18 ,-53.43 ,92.50 ,4.25 ,-43.75,0,0,0

396,-50.71 ,-50.71 ,-50.71 ,-54.05 ,3.26 ,-53.72 ,92.50 ,4.25 ,-43.75,0,0,0

397,-56.30 ,-56.30 ,-56.30 ,-54.95 ,4.62 ,-54.84 ,90.69 ,5.31 ,-44.69,0,0,0

398,-54.00 ,-54.00 ,-54.00 ,-55.60 ,5.67 ,-55.35 ,90.69 ,5.31 ,-44.69,0,0,0

399,-53.40 ,-53.40 ,-53.40 ,-55.94 ,5.93 ,-55.85 ,89.94 ,5.00 ,-45.13,0,0,0

400,-56.81 ,-56.81 ,-56.81 ,-56.77 ,6.50 ,-56.57 ,89.94 ,5.00 ,-45.13,0,0,0

401,-55.88 ,-55.88 ,-55.88 ,-57.21 ,7.07 ,-57.17 ,89.19 ,4.62 ,-44.75,0,0,0

402,-51.64 ,-51.64 ,-51.64 ,-57.21 ,7.91 ,-57.06 ,89.19 ,4.62 ,-44.75,0,0,0

403,-50.74 ,-50.74 ,-50.74 ,-56.98 ,7.88 ,-56.91 ,92.37 ,2.69 ,-43.13,0,0,0

404,-49.36 ,-49.36 ,-49.36 ,-56.74 ,8.34 ,-56.45 ,92.37 ,2.69 ,-43.13,0,0,0

405,-49.88 ,-49.88 ,-49.88 ,-56.37 ,9.17 ,-56.19 ,90.25 ,5.06 ,-39.19,0,0,0

406,-43.39 ,-43.39 ,-43.39 ,-55.26 ,9.96 ,-55.00 ,90.25 ,5.06 ,-39.19,0,0,0

407,-50.39 ,-50.39 ,-50.39 ,-55.01 ,10.30 ,-54.81 ,88.69 ,5.81 ,-35.38,0,0,0

408,-38.86 ,-38.86 ,-38.86 ,-53.37 ,10.21 ,-53.06 ,88.69 ,5.81 ,-35.38,0,0,0

409,-33.52 ,-33.52 ,-33.52 ,-51.15 ,10.49 ,-50.82 ,84.81 ,8.81 ,-28.87,0,0,0

410,-37.76 ,-37.76 ,-37.76 ,-49.65 ,12.88 ,-49.26 ,84.81 ,8.81 ,-28.87,0,0,0

411,-25.65 ,-25.65 ,-25.65 ,-46.74 ,15.44 ,-46.26 ,74.00 ,18.25 ,-24.50,0,0,0

412,-24.21 ,-24.21 ,-24.21 ,-43.78 ,17.62 ,-43.36 ,74.00 ,18.25 ,-24.50,0,0,0

413,-21.32 ,-21.32 ,-21.32 ,-40.80 ,19.12 ,-40.28 ,66.31 ,20.12 ,-19.62,0,0,0

414,-22.59 ,-22.59 ,-22.59 ,-37.92 ,21.65 ,-37.68 ,66.31 ,20.12 ,-19.62,0,0,0

415,-21.28 ,-21.28 ,-21.28 ,-35.17 ,23.04 ,-34.90 ,64.44 ,19.37 ,-16.44,0,0,0

416,-22.59 ,-22.59 ,-22.59 ,-32.76 ,23.90 ,-32.69 ,64.44 ,19.37 ,-16.44,0,0,0

417,-24.38 ,-24.38 ,-24.38 ,-31.01 ,25.29 ,-30.78 ,70.69 ,18.37 ,-17.44,0,0,0

418,-18.83 ,-18.83 ,-18.83 ,-28.65 ,25.74 ,-28.57 ,70.69 ,18.37 ,-17.44,0,0,0

419,-21.89 ,-21.89 ,-21.89 ,-27.05 ,26.61 ,-26.81 ,69.00 ,17.75 ,-14.63,0,0,0

420,-16.54 ,-16.54 ,-16.54 ,-24.76 ,27.10 ,-24.73 ,69.00 ,17.75 ,-14.63,0,0,0

421,-13.81 ,-13.81 ,-13.81 ,-22.57 ,27.25 ,-22.35 ,66.00 ,17.50 ,-12.63,0,0,0

422,-18.43 ,-18.43 ,-18.43 ,-20.94 ,29.01 ,-20.97 ,66.00 ,17.50 ,-12.63,0,0,0

423,-21.86 ,-21.86 ,-21.86 ,-20.11 ,29.93 ,-19.96 ,58.75 ,21.25 ,-12.69,0,0,0

424,-13.92 ,-13.92 ,-13.92 ,-18.12 ,30.44 ,-18.30 ,58.75 ,21.25 ,-12.69,0,0,0

425,-15.39 ,-15.39 ,-15.39 ,-16.84 ,31.20 ,-16.73 ,56.75 ,23.37 ,-13.13,0,0,0

426,-12.14 ,-12.14 ,-12.14 ,-14.85 ,31.88 ,-15.20 ,56.75 ,23.37 ,-13.13,0,0,0

427,6.94 ,6.94 ,6.94 ,-11.03 ,31.74 ,-11.00 ,58.19 ,25.19 ,-13.31,0,0,0

428,-27.14 ,-27.14 ,-27.14 ,-11.68 ,32.14 ,-11.95 ,58.19 ,25.19 ,-13.31,0,0,0

429,-27.80 ,-27.80 ,-27.80 ,-12.62 ,33.16 ,-12.78 ,66.44 ,26.44 ,-19.06,0,0,0

430,-30.28 ,-30.28 ,-30.28 ,-13.71 ,33.80 ,-14.08 ,66.44 ,26.44 ,-19.06,0,0,0

431,-29.23 ,-29.23 ,-29.23 ,-14.80 ,33.84 ,-15.04 ,75.62 ,23.87 ,-21.25,0,0,0

432,-29.62 ,-29.62 ,-29.62 ,-15.78 ,33.39 ,-16.15 ,75.62 ,23.87 ,-21.25,0,0,0

433,-20.64 ,-20.64 ,-20.64 ,-15.77 ,32.82 ,-16.00 ,78.75 ,18.37 ,-19.62,0,0,0

434,-26.99 ,-26.99 ,-26.99 ,-16.44 ,31.73 ,-16.83 ,78.75 ,18.37 ,-19.62,0,0,0

435,-30.22 ,-30.22 ,-30.22 ,-17.67 ,31.10 ,-17.94 ,77.50 ,15.31 ,-22.06,0,0,0

436,-32.13 ,-32.13 ,-32.13 ,-18.97 ,30.97 ,-19.33 ,77.50 ,15.31 ,-22.06,0,0,0

437,-41.28 ,-41.28 ,-41.28 ,-21.31 ,30.36 ,-21.72 ,79.56 ,14.81 ,-25.81,0,0,0

438,-33.50 ,-33.50 ,-33.50 ,-22.42 ,28.69 ,-22.99 ,79.56 ,14.81 ,-25.81,0,0,0

439,-33.65 ,-33.65 ,-33.65 ,-23.58 ,26.31 ,-24.21 ,103.31 ,4.94 ,-29.44,0,0,0

440,-31.16 ,-31.16 ,-31.16 ,-24.38 ,22.94 ,-25.04 ,103.31 ,4.94 ,-29.44,0,0,0

441,-32.94 ,-32.94 ,-32.94 ,-25.43 ,19.05 ,-26.09 ,118.06 ,-4.62 ,-30.94,0,0,0

442,-42.71 ,-42.71 ,-42.71 ,-27.74 ,15.89 ,-28.25 ,118.06 ,-4.62 ,-30.94,0,0,0

443,-46.35 ,-46.35 ,-46.35 ,-30.25 ,13.59 ,-30.79 ,117.06 ,-6.06 ,-36.25,0,0,0

444,-47.04 ,-47.04 ,-47.04 ,-32.73 ,10.75 ,-33.12 ,117.06 ,-6.06 ,-36.25,0,0,0

445,-47.37 ,-47.37 ,-47.37 ,-34.93 ,7.82 ,-35.33 ,114.81 ,-6.50 ,-39.50,0,0,0

446,-40.22 ,-40.22 ,-40.22 ,-36.29 ,5.37 ,-36.31 ,114.81 ,-6.50 ,-39.50,0,0,0

447,-54.04 ,-54.04 ,-54.04 ,-39.25 ,4.27 ,-38.99 ,96.25 ,-8.50 ,-36.38,0,0,0

448,-30.59 ,-30.59 ,-30.59 ,-39.09 ,4.74 ,-38.42 ,96.25 ,-8.50 ,-36.38,0,0,0

449,-24.26 ,-24.26 ,-24.26 ,-37.96 ,5.57 ,-37.16 ,63.19 ,8.31 ,-21.19,0,0,0

450,-7.97 ,-7.97 ,-7.97 ,-34.92 ,7.09 ,-33.82 ,63.19 ,8.31 ,-21.19,0,0,0

451,4.76 ,4.76 ,4.76 ,-30.30 ,9.36 ,-29.09 ,35.69 ,16.37 ,-0.13,0,0,0

452,11.13 ,11.13 ,11.13 ,-25.18 ,10.64 ,-23.96 ,35.69 ,16.37 ,-0.13,0,0,0

453,15.90 ,15.90 ,15.90 ,-19.88 ,11.89 ,-18.52 ,16.25 ,15.38 ,15.25,0,0,0

454,27.16 ,27.16 ,27.16 ,-13.45 ,12.40 ,-12.27 ,16.25 ,15.38 ,15.25,0,0,0

455,30.96 ,30.96 ,30.96 ,-7.28 ,12.58 ,-5.86 ,2.00 ,11.38 ,25.06,0,0,0

456,34.55 ,34.55 ,34.55 ,-0.88 ,12.75 ,0.20 ,2.00 ,11.38 ,25.06,0,0,0

457,38.35 ,38.35 ,38.35 ,5.20 ,12.32 ,6.48 ,348.25 ,5.31 ,32.38,0,0,0

458,42.24 ,42.24 ,42.24 ,11.51 ,11.21 ,12.40 ,348.25 ,5.31 ,32.38,0,0,0

459,49.97 ,49.97 ,49.97 ,18.13 ,9.77 ,19.09 ,338.37 ,-0.44 ,38.81,0,0,0

460,46.35 ,46.35 ,46.35 ,24.20 ,8.81 ,24.59 ,338.37 ,-0.44 ,38.81,0,0,0

461,51.47 ,51.47 ,51.47 ,29.68 ,7.87 ,30.66 ,330.81 ,-2.50 ,44.13,0,0,0

462,42.75 ,42.75 ,42.75 ,34.25 ,7.24 ,34.32 ,330.81 ,-2.50 ,44.13,0,0,0

463,55.87 ,55.87 ,55.87 ,39.32 ,6.23 ,39.91 ,335.00 ,0.00 ,46.31,0,0,0

464,52.19 ,52.19 ,52.19 ,43.93 ,7.21 ,43.80 ,335.00 ,0.00 ,46.31,0,0,0

465,65.81 ,65.81 ,65.81 ,49.23 ,9.30 ,49.50 ,345.56 ,12.13 ,50.31,0,0,0

466,66.17 ,66.17 ,66.17 ,54.57 ,9.84 ,54.03 ,345.56 ,12.13 ,50.31,0,0,0

467,72.09 ,72.09 ,72.09 ,59.35 ,12.85 ,59.31 ,0.81 ,30.44 ,49.63,0,0,0

468,58.79 ,58.79 ,58.79 ,62.59 ,17.73 ,61.89 ,0.81 ,30.44 ,49.63,0,0,0

469,60.99 ,60.99 ,60.99 ,65.21 ,22.00 ,64.87 ,359.62 ,41.25 ,49.38,0,0,0

470,65.29 ,65.29 ,65.29 ,68.60 ,26.98 ,67.53 ,359.62 ,41.25 ,49.38,0,0,0

471,59.04 ,59.04 ,59.04 ,70.60 ,32.13 ,69.64 ,14.13 ,60.00 ,42.13,0,0,0

472,172.45 ,172.45 ,172.45 ,87.28 ,40.63 ,85.49 ,14.13 ,60.00 ,42.13,0,0,0

473,-135.63 ,-135.63 ,-135.63 ,62.52 ,45.85 ,61.30 ,45.19 ,82.37 ,-58.25,0,0,0

474,-124.66 ,-124.66 ,-124.66 ,41.11 ,49.65 ,39.63 ,45.19 ,82.37 ,-58.25,0,0,0

475,-118.52 ,-118.52 ,-118.52 ,21.91 ,50.31 ,20.26 ,83.75 ,55.44 ,-105.94,0,0,0

476,-131.94 ,-131.94 ,-131.94 ,2.26 ,49.73 ,0.83 ,83.75 ,55.44 ,-105.94,0,0,0

477,-136.20 ,-136.20 ,-136.20 ,-16.10 ,48.50 ,-17.94 ,121.50 ,30.50 ,-120.31,0,0,0

478,-126.97 ,-126.97 ,-126.97 ,-32.26 ,46.24 ,-33.52 ,121.50 ,30.50 ,-120.31,0,0,0

479,-135.68 ,-135.68 ,-135.68 ,-47.65 ,41.84 ,-49.45 ,163.25 ,9.44 ,-118.69,0,0,0

480,-122.55 ,-122.55 ,-122.55 ,-60.92 ,37.59 ,-61.70 ,163.25 ,9.44 ,-118.69,0,0,0

481,-118.44 ,-118.44 ,-118.44 ,-71.66 ,32.76 ,-73.12 ,194.56 ,-7.19 ,-110.12,0,0,0

482,-105.80 ,-105.80 ,-105.80 ,-81.45 ,26.58 ,-81.02 ,203.00 ,-15.56 ,-95.00,0,0,0

483,-86.12 ,-86.12 ,-86.12 ,-87.42 ,19.88 ,-87.35 ,203.00 ,-15.56 ,-95.00,0,0,0

484,-91.04 ,-91.04 ,-91.04 ,-91.96 ,13.27 ,-93.08 ,218.00 ,-25.94 ,-75.00,0,0,0

485,-75.99 ,-75.99 ,-75.99 ,-95.12 ,8.88 ,-94.88 ,218.00 ,-25.94 ,-75.00,0,0,0

486,-48.32 ,-48.32 ,-48.32 ,-93.15 ,3.82 ,-93.67 ,228.06 ,-23.19 ,-48.88,0,0,0

487,-43.93 ,-43.93 ,-43.93 ,-91.30 ,0.68 ,-90.97 ,228.06 ,-23.19 ,-48.88,0,0,0

488,-49.07 ,-49.07 ,-49.07 ,-89.27 ,-1.95 ,-89.66 ,228.69 ,-16.19 ,-33.75,0,0,0

489,-46.83 ,-46.83 ,-46.83 ,-87.46 ,-6.94 ,-87.21 ,228.69 ,-16.19 ,-33.75,0,0,0

490,-35.42 ,-35.42 ,-35.42 ,-83.78 ,-11.85 ,-83.96 ,236.81 ,-24.87 ,-27.31,0,0,0

491,-34.42 ,-34.42 ,-34.42 ,-80.50 ,-14.18 ,-80.22 ,236.81 ,-24.87 ,-27.31,0,0,0

492,-36.09 ,-36.09 ,-36.09 ,-77.17 ,-17.17 ,-77.18 ,235.12 ,-24.06 ,-26.37,0,0,0

493,-33.37 ,-33.37 ,-33.37 ,-74.18 ,-20.24 ,-73.58 ,235.12 ,-24.06 ,-26.37,0,0,0

494,-26.41 ,-26.41 ,-26.41 ,-69.84 ,-22.63 ,-69.72 ,230.56 ,-24.44 ,-24.69,0,0,0

495,-27.33 ,-27.33 ,-27.33 ,-66.08 ,-25.15 ,-65.72 ,230.56 ,-24.44 ,-24.69,0,0,0

496,-38.70 ,-38.70 ,-38.70 ,-63.68 ,-27.07 ,-63.62 ,230.06 ,-25.87 ,-25.81,0,0,0

497,-34.55 ,-34.55 ,-34.55 ,-61.04 ,-28.78 ,-60.82 ,230.06 ,-25.87 ,-25.81,0,0,0

498,-31.48 ,-31.48 ,-31.48 ,-58.03 ,-30.05 ,-57.91 ,229.69 ,-26.31 ,-26.25,0,0,0

499,-35.53 ,-35.53 ,-35.53 ,-55.81 ,-31.60 ,-55.62 ,229.69 ,-26.31 ,-26.25,0,0,0

500,-29.20 ,-29.20 ,-29.20 ,-52.84 ,-33.37 ,-52.75 ,230.50 ,-26.62 ,-26.50,0,0,0

